"report_id","department","category","amount_usd"
"EXP50192","sales","supplies",118.71
"EXP26690","sales","supplies",158.31
"EXP61300","marketing","supplies",42.24
"EXP83612","marketing","software",33.38
"EXP94475","engineering","meals",72.06
"EXP50455","engineering","meals",54.61
"EXP59513","operations","supplies",28.66
"EXP11345","engineering","software",39.18
"EXP47696","operations","software",12.89
"EXP94771","marketing","software",71.46
"EXP18607","engineering","meals",51.5
"EXP14073","operations","meals",86.73
"EXP78693","sales","meals",18.68
"EXP80091","engineering","software",57.79
"EXP38654","operations","supplies",23.42
"EXP78001","sales","travel",69.95
"EXP79624","engineering","meals",103
"EXP11932","marketing","travel",12.85
"EXP16075","engineering","meals",68.49
"EXP53290","sales","meals",149.84
"EXP38492","operations","supplies",50.35
"EXP36998","sales","software",12.95
"EXP80844","engineering","meals",21.79
"EXP73729","operations","meals",18.26
"EXP24454","operations","meals",69.44
"EXP18873","marketing","meals",65.88
"EXP41609","sales","travel",184.63
"EXP54537","marketing","travel",34.32
"EXP61299","engineering","software",39.02
"EXP73159","operations","travel",74.07
"EXP18319","marketing","travel",105.54
"EXP25850","operations","meals",98.05
"EXP64213","marketing","travel",71.64
"EXP80641","operations","software",74.53
"EXP34162","operations","meals",53.29
"EXP62941","engineering","supplies",36.41
"EXP34512","engineering","meals",39.85
"EXP81449","operations","travel",26.01
"EXP85191","sales","meals",23.99
"EXP47653","engineering","travel",62.88
"EXP46455","marketing","supplies",69.2
"EXP84360","marketing","meals",14.45
"EXP45362","sales","meals",19.85
"EXP50600","operations","supplies",59.91
"EXP47187","engineering","travel",52.08
"EXP59825","engineering","software",40.4
"EXP28277","marketing","supplies",39.09
"EXP47110","operations","meals",64.41
"EXP75348","engineering","travel",29.53
"EXP41882","sales","meals",18
"EXP67414","marketing","supplies",29.25
"EXP93092","engineering","meals",91.8
"EXP60161","marketing","travel",17.93
"EXP79148","marketing","meals",82.38
"EXP87409","engineering","travel",78.8
"EXP67221","operations","meals",36.7
"EXP68317","operations","travel",22.25
"EXP48595","operations","meals",34.37
"EXP21267","operations","travel",72.6
"EXP92069","engineering","travel",46.41
"EXP82887","operations","meals",18.77
"EXP39710","marketing","meals",57.49
"EXP26050","operations","travel",53.21
"EXP29736","engineering","meals",114.71
"EXP96650","operations","supplies",53.6
"EXP52833","engineering","travel",11.5
"EXP43711","engineering","travel",44.8
"EXP96827","marketing","supplies",25.91
"EXP15290","engineering","supplies",71.46
"EXP26813","sales","meals",70.15
"EXP35480","engineering","travel",32.85
"EXP98120","operations","supplies",11.38
"EXP50359","engineering","meals",70.69
"EXP97064","marketing","supplies",100.94
"EXP36510","engineering","supplies",24.29
"EXP38538","sales","meals",102.8
"EXP62134","marketing","meals",80.94
"EXP32007","marketing","travel",36.1
"EXP59671","operations","meals",20.2
"EXP59031","operations","travel",56.56
"EXP90666","operations","meals",41.08
"EXP93866","sales","meals",53.98
"EXP40140","marketing","meals",32
"EXP66928","engineering","supplies",167.63
"EXP55825","operations","meals",38.72
"EXP26728","marketing","supplies",71.73
"EXP67626","sales","meals",148.08
"EXP93301","engineering","travel",42.53
"EXP12178","operations","supplies",79.91
"EXP46105","operations","supplies",26.74
"EXP21764","sales","meals",119.03
"EXP99158","sales","meals",26.71
"EXP28384","engineering","travel",25.74
"EXP43806","sales","meals",27.99
"EXP57965","sales","software",28.13
"EXP14572","operations","meals",16.29
"EXP85318","sales","supplies",47.15
"EXP82542","marketing","travel",35.64
"EXP73692","operations","meals",56.17
"EXP57801","sales","travel",31.2
"EXP18430","sales","software",41.42
"EXP53009","marketing","travel",43.46
"EXP86812","engineering","meals",104.68
"EXP31692","operations","meals",45.61
"EXP53636","engineering","meals",43.03
"EXP60462","operations","supplies",45.78
"EXP18910","operations","software",36.92
"EXP69324","engineering","travel",25.6
"EXP73924","engineering","meals",34.46
"EXP91735","operations","travel",47.24
"EXP18928","operations","meals",63.87
"EXP13322","operations","meals",45.75
"EXP20937","engineering","meals",23.12
"EXP10384","operations","travel",53.33
"EXP65145","marketing","meals",26.47
"EXP94019","sales","travel",36.08
"EXP14544","operations","meals",70.67
"EXP71152","sales","software",29.28
"EXP12371","engineering","meals",41.65
"EXP38163","operations","meals",27.53
"EXP85947","marketing","meals",74.33
"EXP22995","sales","supplies",70.2
"EXP18482","sales","software",70.51
"EXP67848","operations","supplies",72.05
"EXP38698","marketing","meals",44.23
"EXP87410","engineering","supplies",82.72
"EXP81447","engineering","meals",32.51
"EXP39780","engineering","travel",29.9
"EXP68234","operations","meals",15.95
"EXP64336","sales","meals",65.78
"EXP24066","marketing","travel",54.03
"EXP63646","sales","supplies",104.21
"EXP16458","marketing","supplies",31.53
"EXP39610","engineering","supplies",33.08
"EXP23837","sales","travel",73.37
"EXP38114","operations","travel",111.35
"EXP44679","engineering","supplies",10.79
"EXP30641","engineering","travel",17.73
"EXP52570","engineering","travel",27.76
"EXP16956","operations","meals",18
"EXP29673","operations","travel",34.08
"EXP78058","operations","software",57.49
"EXP71647","marketing","travel",33.22
"EXP57423","engineering","software",50.34
"EXP15128","engineering","supplies",67.56
"EXP45483","engineering","meals",38.44
"EXP57246","sales","travel",16.44
"EXP32566","engineering","meals",21.3
"EXP11595","engineering","meals",44.93
"EXP90735","operations","meals",240
"EXP10289","engineering","supplies",37.96
"EXP43439","marketing","supplies",78.16
"EXP31756","sales","travel",32.64
"EXP99265","sales","supplies",102.47
"EXP65718","engineering","travel",132.08
"EXP95994","sales","meals",74.31
"EXP60997","marketing","travel",72.64
"EXP79738","operations","supplies",152.37
"EXP16749","marketing","software",64.81
"EXP24294","sales","travel",24.75
"EXP99135","marketing","travel",39.92
"EXP38318","engineering","software",59.73
"EXP64947","operations","meals",65.66
"EXP37359","engineering","supplies",59.46
"EXP98448","marketing","travel",50.47
"EXP36132","marketing","supplies",20.22
"EXP53565","marketing","travel",33.4
"EXP52515","engineering","meals",43.76
"EXP57630","operations","travel",41.36
"EXP95056","marketing","supplies",27.5
"EXP79666","marketing","supplies",72.31
"EXP49166","operations","travel",30.27
"EXP70440","engineering","travel",37.16
"EXP80810","operations","meals",56.21
"EXP78618","sales","software",26.34
"EXP54511","engineering","meals",49.13
"EXP91872","engineering","software",40.91
"EXP90357","sales","meals",44.44
"EXP52965","sales","software",170.51
"EXP20566","operations","supplies",118.51
"EXP65289","sales","meals",22.66
"EXP63429","marketing","meals",51.59
"EXP46530","sales","travel",62.67
"EXP87366","engineering","travel",34.47
"EXP83791","sales","supplies",30.53
"EXP83632","engineering","meals",24.81
"EXP19779","engineering","meals",143.52
"EXP11373","engineering","travel",44.82
"EXP62709","operations","meals",72.22
"EXP98979","sales","meals",63.75
"EXP64590","engineering","meals",67.05
"EXP73215","sales","meals",113.57
"EXP82021","marketing","meals",71.57
"EXP38621","marketing","meals",27.31
"EXP48653","operations","meals",35.37
"EXP37434","sales","supplies",19.83
"EXP39087","engineering","software",91.07
"EXP10861","sales","meals",10.91
"EXP13836","operations","meals",20.53
"EXP17774","sales","meals",23.61
"EXP46407","marketing","supplies",29.6
"EXP86040","marketing","meals",53.07
"EXP25202","engineering","meals",52.99
"EXP27304","marketing","meals",62.25
"EXP61073","sales","travel",33.9
"EXP95322","engineering","meals",62.53
"EXP85311","sales","meals",67.87
"EXP51673","operations","travel",34.24
"EXP52971","marketing","travel",125.26
"EXP52868","engineering","travel",60.9
"EXP76211","sales","travel",25.13
"EXP70558","sales","travel",151.71
"EXP36568","operations","meals",84.32
"EXP83026","marketing","meals",45.22
"EXP94866","engineering","software",27.69
"EXP65818","operations","supplies",27.92
"EXP17268","marketing","supplies",22.63
"EXP83819","sales","meals",14
"EXP80775","engineering","supplies",20.04
"EXP69560","operations","travel",45.29
"EXP23197","sales","supplies",28.58
"EXP62164","engineering","meals",71.32
"EXP16925","marketing","travel",17.15
"EXP95715","operations","software",19.81
"EXP22953","operations","travel",29.99
"EXP23768","operations","travel",40.47
"EXP39570","engineering","supplies",81.4
"EXP73844","operations","supplies",46.62
"EXP68745","sales","meals",34.91
"EXP83421","marketing","meals",31.53
"EXP70148","marketing","supplies",36.31
"EXP95181","engineering","travel",102.02
"EXP19231","engineering","travel",36.65
"EXP44203","engineering","meals",81.62
"EXP70564","sales","meals",63.64
"EXP97750","sales","travel",72.71
"EXP47534","marketing","software",39.09
"EXP60221","marketing","supplies",157.14
"EXP73306","operations","meals",21.07
"EXP26632","sales","supplies",72.34
"EXP71835","sales","supplies",26.82
"EXP91881","operations","supplies",36.51
"EXP38991","engineering","meals",65.05
"EXP62809","engineering","travel",93.78
"EXP46750","sales","supplies",11.64
"EXP88338","sales","travel",32.65
"EXP39319","operations","meals",36.39
"EXP32027","sales","travel",170.88
"EXP49319","sales","software",56.4
"EXP17453","engineering","meals",61.99
"EXP68979","operations","software",32.18
"EXP94607","operations","meals",35.21
"EXP10711","marketing","supplies",42.86
"EXP43065","engineering","meals",36.23
"EXP37415","sales","meals",32.78
"EXP92927","marketing","meals",72.48
"EXP88502","marketing","meals",52.56
"EXP58794","sales","supplies",22.68
"EXP29940","operations","travel",62.72
"EXP44846","operations","travel",72.33
"EXP36550","operations","meals",54.48
"EXP26486","sales","supplies",33.03
"EXP87672","marketing","travel",65.25
"EXP10086","engineering","meals",57.05
"EXP62783","operations","supplies",35.18
"EXP43241","operations","supplies",43.5
"EXP61501","engineering","software",37.92
"EXP53220","engineering","travel",41.07
"EXP35240","marketing","supplies",27.34
"EXP94963","marketing","travel",23.68
"EXP10188","marketing","meals",56.1
"EXP83617","sales","supplies",115.25
"EXP73754","operations","travel",35.71
"EXP65166","operations","supplies",109.6
"EXP20593","operations","meals",33.25
"EXP95913","engineering","meals",32.56
"EXP24588","sales","supplies",62.8
"EXP88761","engineering","travel",119.63
"EXP50082","marketing","meals",35.94
"EXP43387","marketing","supplies",64.39
"EXP59586","operations","travel",35.19
"EXP86473","marketing","travel",33.87
"EXP22293","sales","meals",41.63
"EXP97371","marketing","travel",76.93
"EXP42437","sales","travel",77.72
"EXP41686","sales","supplies",23.4
"EXP31697","sales","supplies",21
"EXP45166","operations","supplies",82.56
"EXP45494","operations","meals",33.91
"EXP17473","sales","supplies",72.54
"EXP72281","operations","meals",37.39
"EXP57847","sales","software",73.33
"EXP35409","marketing","meals",74.69
"EXP68597","engineering","meals",30.93
"EXP54510","sales","software",71.64
"EXP65122","engineering","supplies",214.66
"EXP77209","operations","software",32.19
"EXP12089","engineering","meals",75.82
"EXP36575","engineering","meals",39.95
"EXP88918","operations","meals",21.94
"EXP12232","marketing","meals",47.47
"EXP67526","sales","supplies",59.69
"EXP35675","engineering","supplies",18.15
"EXP89413","operations","travel",26.1
"EXP82783","sales","meals",69.95
"EXP95275","operations","travel",28.26
"EXP39006","operations","meals",160.57
"EXP72925","engineering","meals",48.11
"EXP31000","operations","travel",14.45
"EXP75133","operations","meals",23.62
"EXP70088","operations","travel",98.82
"EXP13921","engineering","meals",152.04
"EXP67377","engineering","meals",18.93
"EXP57240","sales","meals",27
"EXP89733","engineering","travel",42.73
"EXP54503","sales","travel",97.22
"EXP52606","operations","travel",73.06
"EXP60240","marketing","travel",92.12
"EXP84256","engineering","supplies",33.16
"EXP57474","marketing","travel",45.57
"EXP63147","operations","supplies",33.97
"EXP80319","sales","meals",14.97
"EXP36603","marketing","meals",37.2
"EXP77544","engineering","travel",49.88
"EXP86468","operations","supplies",54.13
"EXP64025","sales","meals",70.79
"EXP23259","sales","meals",120.5
"EXP26950","operations","meals",53.67
"EXP80744","operations","travel",105.48
"EXP52177","sales","meals",43.42
"EXP60979","operations","meals",48.47
"EXP98690","marketing","meals",22.24
"EXP51448","engineering","travel",10.62
"EXP81365","operations","supplies",240
"EXP72764","sales","meals",57.99
"EXP63897","sales","travel",52.77
"EXP16375","engineering","travel",36.56
"EXP15956","engineering","meals",41.85
"EXP12407","operations","travel",62.23
"EXP99782","operations","supplies",108.89
"EXP44487","engineering","meals",32.36
"EXP55031","sales","meals",20.88
"EXP34312","marketing","travel",39.41
"EXP41964","engineering","travel",15.61
"EXP87140","operations","supplies",67.81
"EXP68462","sales","meals",73.25
"EXP13178","sales","meals",62.52
"EXP79215","operations","supplies",69.55
"EXP57008","sales","software",63.07
"EXP14119","engineering","travel",56.95
"EXP41486","marketing","meals",56.25
"EXP93496","marketing","meals",48.42
"EXP41052","operations","supplies",156.27
"EXP32509","engineering","meals",167.37
"EXP69746","marketing","software",31.28
"EXP23190","operations","supplies",25.59
"EXP83399","marketing","travel",51.74
"EXP94556","sales","meals",74.62
"EXP40893","engineering","travel",50.73
"EXP23550","engineering","software",35.43
"EXP84176","marketing","meals",37.84
"EXP96180","operations","travel",55.89
"EXP72284","engineering","travel",21.55
"EXP18134","engineering","supplies",73.79
"EXP23765","operations","supplies",155.76
"EXP41258","operations","travel",101.24
"EXP66235","operations","travel",73.72
"EXP58578","operations","supplies",37.07
"EXP91398","sales","travel",71.84
"EXP56253","operations","meals",65.49
"EXP20525","sales","travel",57.01
"EXP15459","marketing","supplies",68.78
"EXP67215","engineering","meals",35.67
"EXP66717","marketing","travel",70.27
"EXP94498","sales","travel",73.31
"EXP94858","sales","meals",29.08
"EXP91595","operations","travel",30.52
"EXP92963","engineering","meals",55.49
"EXP37991","operations","travel",28.36
"EXP38782","marketing","meals",63.21
